id,first_name,last_name,email,gender,ip_address
1,Janella,Parsley,jparsley0@vistaprint.com,Female,183.221.147.197
2,Christiana,Perotti,cperotti1@gnu.org,Female,11.43.23.228
3,Sisely,Chittleburgh,schittleburgh2@ebay.com,Female,36.237.81.169
4,Dexter,Aldersea,daldersea3@aboutads.info,Male,175.114.138.197
5,Victoria,Goldster,vgoldster4@ucoz.com,Female,62.253.31.11
6,Cathy,Lane,clane5@1688.com,Female,216.144.103.8
7,Athena,Ratke,aratke6@imdb.com,Female,94.67.117.39
8,Lurlene,Sparrow,lsparrow7@pcworld.com,Female,101.211.125.15
9,Leena,Wilde,lwilde8@cnet.com,Female,160.152.179.2
10,Read,Borrow,rborrow9@psu.edu,Male,64.254.106.214
11,Jobye,Angear,jangeara@google.pl,Female,186.12.193.247
12,Delphine,Bernardino,dbernardinob@mtv.com,Female,78.137.32.147
13,Eliza,Diamond,ediamondc@ucsd.edu,Female,143.5.208.96
14,Armstrong,McIllroy,amcillroyd@oakley.com,Male,193.127.28.163
15,Gaylor,Groves,ggrovese@wufoo.com,Male,194.191.99.240
16,Sampson,Minghetti,sminghettif@umich.edu,Male,80.116.149.71
17,Jorie,Klass,jklassg@hostgator.com,Female,91.49.104.39
18,Klemens,Bodle,kbodleh@bluehost.com,Male,182.119.93.35
19,Casey,Melbourn,cmelbourni@stumbleupon.com,Female,15.87.159.107
20,Thom,Scarlet,tscarletj@nps.gov,Male,241.27.66.245
21,Stevie,Antos,santosk@scribd.com,Male,141.104.25.32
22,Rudiger,Baxstair,rbaxstairl@mac.com,Male,140.103.6.66
23,Moria,Hopewell,mhopewellm@google.fr,Female,217.251.41.156
24,Peirce,Cluer,pcluern@seesaa.net,Male,124.168.250.142
25,Reggis,Callacher,rcallachero@plala.or.jp,Male,134.85.195.233
26,Beckie,Soughton,bsoughtonp@facebook.com,Female,141.113.140.176
27,Josh,Mc Gorley,jmcgorleyq@admin.ch,Male,54.202.62.55
28,Allison,Sorley,asorleyr@dailymail.co.uk,Female,211.164.171.14
29,Jude,Monday,jmondays@mapquest.com,Male,254.83.3.175
30,Lynn,Abelov,labelovt@shop-pro.jp,Female,239.253.104.217
31,Clarissa,McAnalley,cmcanalleyu@tumblr.com,Female,110.217.244.202
32,Brewer,Keen,bkeenv@moonfruit.com,Male,50.38.93.36
33,Chanda,Bolliver,cbolliverw@ucoz.com,Female,148.183.109.127
34,Guthrie,Laviss,glavissx@miibeian.gov.cn,Male,204.244.147.254
35,Hillie,Kinastan,hkinastany@hugedomains.com,Male,4.227.114.215
36,Carlina,Gutierrez,cgutierrezz@sbwire.com,Female,162.236.127.169
37,Matt,Dun,mdun10@etsy.com,Male,188.145.131.26
38,Maxim,Reekie,mreekie11@altervista.org,Male,182.158.132.195
39,Deny,Ellsworthe,dellsworthe12@telegraph.co.uk,Female,41.71.185.65
40,Imelda,Leil,ileil13@mediafire.com,Female,212.75.251.152
41,Leora,Dever,ldever14@goodreads.com,Female,26.254.47.225
42,Chase,Bartles,cbartles15@blog.com,Male,207.114.9.100
43,Terrill,Kembrey,tkembrey16@elpais.com,Male,143.226.222.168
44,Danell,Skahill,dskahill17@twitter.com,Female,99.253.129.181
45,Augusta,MacNalley,amacnalley18@quantcast.com,Female,91.231.37.110
46,Vanya,Dislee,vdislee19@chronoengine.com,Male,190.228.80.27
47,Shel,Tirrey,stirrey1a@yellowbook.com,Female,217.119.169.244
48,Jacquette,Duplan,jduplan1b@geocities.com,Female,107.115.171.116
49,Collette,Schoales,cschoales1c@constantcontact.com,Female,188.213.228.29
50,Giana,Diffley,gdiffley1d@weibo.com,Female,146.75.40.44
51,Simone,Maudett,smaudett1e@time.com,Male,2.116.173.92
52,Pippa,Helian,phelian1f@earthlink.net,Female,202.83.225.241
53,Adamo,Gonnel,agonnel1g@bigcartel.com,Male,60.152.224.116
54,Allegra,Greedier,agreedier1h@japanpost.jp,Female,45.125.24.55
55,Philip,Trump,ptrump1i@dell.com,Male,164.143.223.188
56,Cara,Yukhnin,cyukhnin1j@privacy.gov.au,Female,233.34.106.81
57,Sharleen,Menhenitt,smenhenitt1k@gizmodo.com,Female,227.115.83.240
58,Rodie,Marchi,rmarchi1l@tinyurl.com,Female,228.148.201.127
59,Dulcia,Ashley,dashley1m@last.fm,Female,36.247.185.208
60,Jason,Frowd,jfrowd1n@fotki.com,Male,3.145.120.57
61,Otes,Stickel,ostickel1o@weather.com,Male,249.104.223.215
62,Jard,McGuff,jmcguff1p@furl.net,Male,247.253.178.138
63,Leda,Ryce,lryce1q@uol.com.br,Female,144.223.80.30
64,Krishna,Dumke,kdumke1r@usnews.com,Male,215.16.255.115
65,Reade,Shemmin,rshemmin1s@bizjournals.com,Male,78.227.235.19
66,Barbi,Penhearow,bpenhearow1t@elpais.com,Female,23.142.218.127
67,Gasparo,Watts,gwatts1u@google.com.hk,Male,32.234.150.9
68,Theodor,Brundale,tbrundale1v@mac.com,Male,232.188.186.211
69,Jada,Josephoff,jjosephoff1w@edublogs.org,Female,240.237.20.94
70,Calvin,Tandy,ctandy1x@ucoz.com,Male,89.247.82.119
71,Nina,Columbell,ncolumbell1y@sciencedaily.com,Female,51.40.94.81
72,Pietro,Bourner,pbourner1z@t-online.de,Male,245.61.231.130
73,Michael,Gouldthorp,mgouldthorp20@nydailynews.com,Male,145.212.35.247
74,Karen,Ashton,kashton21@zdnet.com,Female,11.177.91.155
75,Leena,McCaughan,lmccaughan22@bbb.org,Female,223.207.163.18
76,Jefferson,Youngman,jyoungman23@moonfruit.com,Male,45.60.83.198
77,Jozef,Kondratenko,jkondratenko24@youku.com,Male,124.101.234.112
78,Wynnie,Uphill,wuphill25@spotify.com,Female,143.8.145.168
79,Rockey,Channing,rchanning26@ted.com,Male,190.0.6.143
80,Berk,Adelsberg,badelsberg27@github.io,Male,214.136.25.251
81,Shane,Petruskevich,spetruskevich28@sphinn.com,Female,154.42.173.114
82,Dyann,Jirousek,djirousek29@google.fr,Female,161.180.100.131
83,Cirstoforo,Goodricke,cgoodricke2a@pcworld.com,Male,234.208.248.178
84,Martita,Shavel,mshavel2b@gmpg.org,Female,115.62.3.106
85,Packston,Tommen,ptommen2c@ameblo.jp,Male,212.7.117.110
86,Netty,Stolte,nstolte2d@utexas.edu,Female,55.69.95.141
87,Gideon,O'Logan,gologan2e@123-reg.co.uk,Male,145.50.128.236
88,Camey,Emeney,cemeney2f@mlb.com,Male,208.37.134.162
89,Salome,Orange,sorange2g@google.pl,Female,182.152.7.143
90,Neala,Cunah,ncunah2h@intel.com,Female,222.137.202.75
91,Hersh,Coton,hcoton2i@redcross.org,Male,7.233.67.21
92,Gloriane,Goghin,ggoghin2j@wunderground.com,Female,173.243.62.139
93,Clyve,Harland,charland2k@weebly.com,Male,137.179.195.34
94,Megan,Lamdin,mlamdin2l@admin.ch,Female,173.241.23.141
95,Joelynn,Bagott,jbagott2m@google.co.jp,Female,2.113.56.211
96,Demetris,Soutar,dsoutar2n@yolasite.com,Female,228.181.195.41
97,Thain,Kenneford,tkenneford2o@meetup.com,Male,17.180.104.118
98,Gasparo,Taylo,gtaylo2p@wsj.com,Male,240.4.247.253
99,Rania,Corrington,rcorrington2q@accuweather.com,Female,68.47.251.229
100,Kania,Simakov,ksimakov2r@prlog.org,Female,202.158.162.144
101,Thadeus,Kinloch,tkinloch2s@ezinearticles.com,Male,212.235.232.252
102,Cathryn,Devaney,cdevaney2t@mayoclinic.com,Female,233.138.194.31
103,Torr,Whitelock,twhitelock2u@smugmug.com,Male,145.191.57.100
104,Emmy,Eakeley,eeakeley2v@state.tx.us,Male,36.83.91.2
105,Alisander,Fideler,afideler2w@skyrock.com,Male,67.240.22.138
106,Lilia,Peiro,lpeiro2x@mayoclinic.com,Female,195.97.195.5
107,Tom,Abrashkin,tabrashkin2y@howstuffworks.com,Male,197.232.28.29
108,Crissie,Collison,ccollison2z@fc2.com,Female,159.23.109.42
109,Hannis,Pardew,hpardew30@mail.ru,Female,63.58.251.52
110,Radcliffe,Wadham,rwadham31@hugedomains.com,Male,48.31.186.210
111,Allene,Hartop,ahartop32@cdbaby.com,Female,107.139.209.96
112,Benoit,Ander,bander33@marriott.com,Male,213.147.240.124
113,Taber,Harling,tharling34@constantcontact.com,Male,48.129.128.6
114,Aidan,Derell,aderell35@facebook.com,Female,165.164.160.168
115,Merrili,Brash,mbrash36@harvard.edu,Female,104.10.167.206
116,Bartel,Ferroli,bferroli37@dropbox.com,Male,44.215.134.106
117,Barthel,Tremathick,btremathick38@gravatar.com,Male,111.251.216.71
118,Gerda,McLeoid,gmcleoid39@cbc.ca,Female,134.29.88.163
119,Tamma,Fullicks,tfullicks3a@wix.com,Female,49.235.135.131
120,Gerrie,Beston,gbeston3b@census.gov,Female,254.17.70.240
121,Ax,Seczyk,aseczyk3c@nyu.edu,Male,60.167.148.208
122,Bea,MacCarrick,bmaccarrick3d@live.com,Female,183.122.248.3
123,Trace,Britch,tbritch3e@storify.com,Male,195.186.230.101
124,Gay,Sueter,gsueter3f@cocolog-nifty.com,Male,172.51.177.70
125,Xever,Lambert,xlambert3g@geocities.jp,Male,36.81.5.66
126,Kinnie,Witz,kwitz3h@pen.io,Male,131.178.21.198
127,Kev,Thoumas,kthoumas3i@samsung.com,Male,121.116.179.115
128,Maggee,Domenichelli,mdomenichelli3j@jiathis.com,Female,152.154.136.205
129,Gabi,Desforges,gdesforges3k@intel.com,Female,29.190.129.205
130,Gerrard,Sharpless,gsharpless3l@plala.or.jp,Male,80.127.170.225
131,Abbye,Lambertini,alambertini3m@geocities.com,Female,201.144.70.191
132,Elyn,Dmitrienko,edmitrienko3n@dion.ne.jp,Female,156.180.40.220
133,Celinda,Kinsley,ckinsley3o@cpanel.net,Female,18.210.148.210
134,Astra,Diddams,adiddams3p@tuttocitta.it,Female,184.78.13.124
135,Kizzee,Trahmel,ktrahmel3q@archive.org,Female,161.36.217.173
136,Myron,Ferreli,mferreli3r@vk.com,Male,162.202.226.158
137,Ollie,McMurraya,omcmurraya3s@freewebs.com,Male,70.67.171.226
138,Lib,Duxfield,lduxfield3t@google.co.jp,Female,87.227.19.129
139,Midge,Leavey,mleavey3u@deliciousdays.com,Female,183.195.150.60
140,Courtenay,Boggs,cboggs3v@cmu.edu,Female,16.32.157.227
141,Ric,McGaughey,rmcgaughey3w@infoseek.co.jp,Male,255.165.71.2
142,Brew,Hunnisett,bhunnisett3x@paypal.com,Male,189.246.232.131
143,Germaine,Stockle,gstockle3y@prnewswire.com,Female,38.89.6.76
144,Sella,Mulder,smulder3z@php.net,Female,185.87.186.184
145,Katalin,Boyett,kboyett40@wordpress.org,Female,99.248.88.186
146,Garwood,Albany,galbany41@bluehost.com,Male,219.206.132.248
147,Jarid,Maddra,jmaddra42@rakuten.co.jp,Male,227.213.49.150
148,Larry,Hellicar,lhellicar43@prnewswire.com,Male,155.55.219.179
149,Gilligan,Laise,glaise44@friendfeed.com,Female,250.73.185.197
150,Coleman,Bramhill,cbramhill45@fotki.com,Male,190.102.196.200
151,Camala,Purselowe,cpurselowe46@phpbb.com,Female,176.68.66.92
152,Amber,Tyce,atyce47@naver.com,Female,189.60.126.0
153,Gracie,Bails,gbails48@plala.or.jp,Female,164.184.18.81
154,Haskel,Lightwing,hlightwing49@ucoz.ru,Male,8.77.197.185
155,Valdemar,Beeken,vbeeken4a@example.com,Male,115.87.230.35
156,Avie,Triplow,atriplow4b@blogtalkradio.com,Female,161.146.26.197
157,Lek,Girardet,lgirardet4c@furl.net,Male,248.221.43.234
158,Gerry,Edelman,gedelman4d@virginia.edu,Female,84.102.163.203
159,Vladimir,Maypowder,vmaypowder4e@hp.com,Male,89.159.139.62
160,Arleen,Allam,aallam4f@moonfruit.com,Female,53.139.74.193
161,Jessey,Meneghelli,jmeneghelli4g@imageshack.us,Male,79.106.27.15
162,Truman,Bodham,tbodham4h@jimdo.com,Male,188.6.46.178
163,Marline,Glynn,mglynn4i@techcrunch.com,Female,101.77.219.217
164,Ashley,Rosewarne,arosewarne4j@biblegateway.com,Male,184.5.33.175
165,Jarvis,Matityahu,jmatityahu4k@businesswire.com,Male,211.88.164.97
166,Florencia,Shellard,fshellard4l@geocities.jp,Female,165.181.38.113
167,Yoshi,Semaine,ysemaine4m@squidoo.com,Female,10.106.172.45
168,Corney,Rean,crean4n@aboutads.info,Male,174.224.16.12
169,Julio,Bresnahan,jbresnahan4o@ovh.net,Male,70.79.231.31
170,Netti,Billyard,nbillyard4p@cdbaby.com,Female,57.138.185.205
171,Titus,Girdlestone,tgirdlestone4q@telegraph.co.uk,Male,17.91.139.19
172,Sibella,Issacof,sissacof4r@tripod.com,Female,81.211.175.89
173,Rossy,Probin,rprobin4s@utexas.edu,Male,180.221.119.164
174,Jeni,Longbone,jlongbone4t@rakuten.co.jp,Female,164.18.248.43
175,Lilith,Crayke,lcrayke4u@va.gov,Female,74.98.203.44
176,Clarance,Ivashov,civashov4v@who.int,Male,128.106.8.48
177,Bastian,Kain,bkain4w@topsy.com,Male,239.51.200.2
178,Leonanie,Ortzen,lortzen4x@census.gov,Female,218.108.23.242
179,Dacia,Tissell,dtissell4y@shutterfly.com,Female,44.197.239.73
180,Katrine,Frossell,kfrossell4z@deviantart.com,Female,233.165.201.70
181,Tully,Bertot,tbertot50@washington.edu,Male,65.19.70.132
182,Andriette,Langthorne,alangthorne51@youtube.com,Female,219.2.228.164
183,Ulla,Mulvey,umulvey52@canalblog.com,Female,73.131.204.211
184,Cirilo,Heyns,cheyns53@mayoclinic.com,Male,132.68.43.30
185,Lorene,Dilston,ldilston54@nytimes.com,Female,133.189.103.229
186,Aubree,Morrad,amorrad55@census.gov,Female,219.12.0.194
187,Heddi,Skeemor,hskeemor56@wix.com,Female,206.89.76.49
188,Padraic,Udey,pudey57@skype.com,Male,122.211.16.166
189,Howie,Dundin,hdundin58@google.com.au,Male,196.19.137.82
190,Vachel,Ricker,vricker59@mediafire.com,Male,58.27.113.32
191,Willetta,Sanzio,wsanzio5a@cmu.edu,Female,59.52.69.122
192,Faulkner,Scarsbrook,fscarsbrook5b@oakley.com,Male,29.199.163.226
193,Corbin,Roller,croller5c@irs.gov,Male,76.179.172.13
194,Stepha,Edwardson,sedwardson5d@simplemachines.org,Female,13.82.89.128
195,Patton,Baldelli,pbaldelli5e@wikipedia.org,Male,206.183.44.73
196,Nicky,Benitti,nbenitti5f@people.com.cn,Female,61.150.130.30
197,Nola,Dubock,ndubock5g@nifty.com,Female,255.92.35.132
198,Harli,Sydenham,hsydenham5h@google.cn,Female,85.122.223.13
199,Rog,Job,rjob5i@bing.com,Male,181.91.242.168
200,Feliza,Canet,fcanet5j@nationalgeographic.com,Female,226.254.125.47
201,Lincoln,Drage,ldrage5k@about.com,Male,226.49.0.52
202,Kylynn,Lomaz,klomaz5l@oakley.com,Female,15.201.89.10
203,Tessy,Trounson,ttrounson5m@livejournal.com,Female,43.80.135.166
204,Essa,Keyho,ekeyho5n@github.io,Female,10.35.127.255
205,Howie,Kenninghan,hkenninghan5o@networksolutions.com,Male,28.103.84.190
206,Margalo,Werndley,mwerndley5p@goo.gl,Female,98.146.177.139
207,Caron,Elfes,celfes5q@sbwire.com,Female,211.148.23.5
208,Jemmy,Seefeldt,jseefeldt5r@oaic.gov.au,Female,151.46.23.80
209,Leilah,Domingues,ldomingues5s@dyndns.org,Female,104.10.199.163
210,Leticia,Venney,lvenney5t@upenn.edu,Female,189.34.129.6
211,Mitzi,Sparling,msparling5u@about.me,Female,134.74.188.107
212,Lenka,Romayne,lromayne5v@sfgate.com,Female,247.94.228.232
213,Tally,Elijah,telijah5w@vinaora.com,Male,32.92.73.7
214,Giles,Farry,gfarry5x@newyorker.com,Male,123.20.151.79
215,Verena,Lethbury,vlethbury5y@ocn.ne.jp,Female,68.214.38.121
216,Thaxter,Hewins,thewins5z@ucoz.com,Male,195.157.21.219
217,Izzy,Messham,imessham60@arizona.edu,Male,86.159.31.154
218,Edsel,Fairhead,efairhead61@utexas.edu,Male,68.251.236.96
219,Reade,Dyble,rdyble62@alexa.com,Male,121.234.44.188
220,Cobb,Gresty,cgresty63@plala.or.jp,Male,159.168.179.112
221,Alix,Bail,abail64@about.com,Female,167.120.209.85
222,Rosemaria,Leathard,rleathard65@google.it,Female,10.74.86.201
223,Maressa,Mitro,mmitro66@cdbaby.com,Female,207.220.144.233
224,Filia,Breckin,fbreckin67@intel.com,Female,208.33.95.90
225,Harmony,Eddolls,heddolls68@gmpg.org,Female,152.14.50.18
226,Thaddus,Margeram,tmargeram69@symantec.com,Male,23.69.21.85
227,Cristi,Rosencwaig,crosencwaig6a@vinaora.com,Female,118.181.139.156
228,Arleen,Penddreth,apenddreth6b@furl.net,Female,210.236.208.31
229,Vasilis,Chetwind,vchetwind6c@reuters.com,Male,26.36.22.60
230,Thaxter,Jenner,tjenner6d@themeforest.net,Male,239.93.252.184
231,Farica,Klaaasen,fklaaasen6e@upenn.edu,Female,81.92.137.116
232,Sandro,Kay,skay6f@businesswire.com,Male,42.109.35.169
233,Joseph,Franciotti,jfranciotti6g@ucoz.com,Male,130.108.182.94
234,Stefania,Gane,sgane6h@addtoany.com,Female,0.179.132.42
235,Alyse,Shillito,ashillito6i@cpanel.net,Female,61.91.236.239
236,Ernie,Devas,edevas6j@washingtonpost.com,Male,102.135.20.164
237,Ruprecht,Sambrok,rsambrok6k@smugmug.com,Male,151.210.7.188
238,Jennifer,Dives,jdives6l@dropbox.com,Female,163.38.120.101
239,Monah,Baldetti,mbaldetti6m@state.tx.us,Female,76.46.147.61
240,Byran,Heikkinen,bheikkinen6n@51.la,Male,146.233.100.39
241,Bill,Fairlamb,bfairlamb6o@geocities.com,Male,146.123.134.15
242,Deeyn,Bowie,dbowie6p@sbwire.com,Female,177.144.246.202
243,Cletis,Rogister,crogister6q@smh.com.au,Male,220.220.8.68
244,Ric,Clawson,rclawson6r@bloglines.com,Male,46.244.215.204
245,Duffy,Ruzic,druzic6s@vk.com,Male,175.202.110.211
246,Mei,Sheldon,msheldon6t@nytimes.com,Female,140.74.24.171
247,Fields,Elstow,felstow6u@toplist.cz,Male,170.98.204.154
248,Chet,Han,chan6v@cbsnews.com,Male,177.38.195.85
249,Nickolai,Pafford,npafford6w@privacy.gov.au,Male,137.102.143.240
250,Jaclyn,Putton,jputton6x@usda.gov,Female,0.49.106.88
251,Normie,Esson,nesson6y@google.de,Male,221.43.28.168
252,Rozelle,Jeandet,rjeandet6z@csmonitor.com,Female,100.200.152.73
253,Tobe,Albrighton,talbrighton70@sohu.com,Male,174.169.254.138
254,Matty,Hatterslay,mhatterslay71@apple.com,Male,154.71.200.65
255,Karole,Garfath,kgarfath72@ezinearticles.com,Female,119.76.220.73
256,Renate,Chamley,rchamley73@homestead.com,Female,37.86.237.158
257,Remy,Cortese,rcortese74@earthlink.net,Female,53.35.1.51
258,Kym,Andriulis,kandriulis75@opensource.org,Female,105.175.129.89
259,Theo,Rasmus,trasmus76@plala.or.jp,Female,50.2.212.207
260,Gerald,Cominello,gcominello77@yahoo.com,Male,81.50.147.58
261,Berty,Blundell,bblundell78@google.de,Female,238.41.182.110
262,Rey,Brabban,rbrabban79@tripadvisor.com,Male,39.47.44.176
263,Robbert,Pickerell,rpickerell7a@google.fr,Male,60.38.234.228
264,Mikol,Leupoldt,mleupoldt7b@g.co,Male,29.254.43.235
265,Vilhelmina,Toope,vtoope7c@netvibes.com,Female,114.116.249.211
266,Ruttger,Gorini,rgorini7d@sfgate.com,Male,13.242.77.95
267,Rodolfo,Durman,rdurman7e@cpanel.net,Male,60.202.60.54
268,Jo,Dron,jdron7f@github.io,Male,135.154.97.195
269,Uta,Abbott,uabbott7g@hud.gov,Female,8.230.131.237
270,Martin,Shucksmith,mshucksmith7h@is.gd,Male,97.139.47.252
271,Lonnie,Pietruszka,lpietruszka7i@telegraph.co.uk,Male,250.66.117.173
272,Garald,Czapla,gczapla7j@phpbb.com,Male,43.25.146.51
273,Traver,Knuckles,tknuckles7k@shop-pro.jp,Male,67.206.238.37
274,Burton,Laherty,blaherty7l@statcounter.com,Male,118.100.202.46
275,Gradeigh,Mulholland,gmulholland7m@earthlink.net,Male,242.34.61.230
276,Ricky,Greed,rgreed7n@zimbio.com,Male,93.84.138.14
277,Nicky,McLaine,nmclaine7o@multiply.com,Female,224.174.204.220
278,Orville,Lorkings,olorkings7p@rediff.com,Male,151.120.101.17
279,Lionel,Swigg,lswigg7q@home.pl,Male,102.220.65.107
280,Glenn,Marciek,gmarciek7r@github.io,Male,133.204.233.25
281,Aggi,Librey,alibrey7s@google.es,Female,212.33.91.163
282,Kellen,Stokell,kstokell7t@msn.com,Female,227.157.134.134
283,Nicolea,Marfield,nmarfield7u@imgur.com,Female,121.73.110.99
284,Jedediah,Bowhey,jbowhey7v@yelp.com,Male,247.214.18.57
285,Denise,Coatham,dcoatham7w@netscape.com,Female,252.13.250.19
286,Lanie,Rostron,lrostron7x@java.com,Male,166.152.194.84
287,Saundra,Garfirth,sgarfirth7y@smugmug.com,Male,249.118.182.45
288,Bryce,Zanussii,bzanussii7z@umn.edu,Male,82.25.100.214
289,Nettle,Korneev,nkorneev80@alexa.com,Female,246.134.157.16
290,Lynelle,Gilston,lgilston81@seattletimes.com,Female,14.19.16.210
291,Alene,Worsom,aworsom82@ifeng.com,Female,157.103.207.67
292,Noach,Stearnes,nstearnes83@furl.net,Male,143.95.51.101
293,Bernard,Fibbings,bfibbings84@foxnews.com,Male,152.34.37.79
294,Evie,Terrill,eterrill85@netvibes.com,Female,174.189.66.187
295,Zandra,Bischoff,zbischoff86@oracle.com,Female,112.196.68.86
296,Cher,Filchakov,cfilchakov87@spotify.com,Female,101.245.208.244
297,Codie,Flemming,cflemming88@wsj.com,Female,144.78.118.183
298,Leshia,D'Oyley,ldoyley89@wiley.com,Female,181.107.84.225
299,Ches,Chazette,cchazette8a@nytimes.com,Male,154.131.37.229
300,Bondie,Baldoni,bbaldoni8b@state.gov,Male,72.123.55.85
301,Flint,Ingerman,fingerman8c@guardian.co.uk,Male,219.50.171.254
302,Pate,Ovesen,povesen8d@usnews.com,Male,49.183.107.250
303,Randolf,Tebbutt,rtebbutt8e@geocities.jp,Male,225.93.139.97
304,Tammie,Engeham,tengeham8f@ox.ac.uk,Female,55.120.46.238
305,Godfrey,O'Cuddie,gocuddie8g@patch.com,Male,188.86.92.106
306,Dee,Brevitt,dbrevitt8h@auda.org.au,Female,107.146.31.234
307,Dottie,Wybrow,dwybrow8i@house.gov,Female,91.111.235.141
308,Cosetta,Cassedy,ccassedy8j@ning.com,Female,200.189.192.147
309,Robinetta,covino,rcovino8k@google.com.hk,Female,123.181.205.43
310,Peterus,Shakle,pshakle8l@ask.com,Male,93.50.68.229
311,Lannie,Crooke,lcrooke8m@stanford.edu,Male,113.72.91.164
312,Lindsey,Morrad,lmorrad8n@buzzfeed.com,Male,15.204.229.155
313,Jaimie,Snape,jsnape8o@alexa.com,Male,240.43.206.41
314,Paulo,Marshfield,pmarshfield8p@trellian.com,Male,225.250.236.35
315,Candace,Gallichan,cgallichan8q@unc.edu,Female,93.25.235.209
316,Liuka,MacArte,lmacarte8r@goodreads.com,Female,174.120.92.116
317,Welch,Tansly,wtansly8s@aol.com,Male,220.218.66.239
318,Lea,Blagden,lblagden8t@bloomberg.com,Female,173.243.243.96
319,Dev,Tolcharde,dtolcharde8u@yale.edu,Male,211.65.209.4
320,Vere,Gossage,vgossage8v@marketwatch.com,Female,34.13.168.171
321,Derrik,Steen,dsteen8w@wunderground.com,Male,187.103.134.108
322,Hammad,Hannan,hhannan8x@timesonline.co.uk,Male,43.108.213.178
323,Garvy,Tripon,gtripon8y@live.com,Male,213.181.153.157
324,Glennie,Davidman,gdavidman8z@fotki.com,Female,145.30.64.227
325,Roth,Francesco,rfrancesco90@51.la,Male,115.225.48.239
326,Cynthia,Saynor,csaynor91@apache.org,Female,198.48.197.221
327,Carlyn,Swalough,cswalough92@freewebs.com,Female,234.55.95.244
328,Hubey,Southern,hsouthern93@yelp.com,Male,34.181.248.35
329,Valida,Blesdill,vblesdill94@businessweek.com,Female,84.109.69.16
330,Brander,Atwater,batwater95@loc.gov,Male,210.54.224.251
331,Christi,Fynan,cfynan96@scientificamerican.com,Female,6.138.114.150
332,Bertrando,Clotworthy,bclotworthy97@symantec.com,Male,104.1.73.21
333,Andros,Fairbrother,afairbrother98@nba.com,Male,108.8.147.75
334,Tucky,Lattka,tlattka99@psu.edu,Male,23.160.177.73
335,Lishe,Kelf,lkelf9a@mit.edu,Female,3.36.97.104
336,Gabriello,Ianiello,gianiello9b@devhub.com,Male,244.4.25.134
337,Francklyn,Fensome,ffensome9c@time.com,Male,149.206.237.235
338,Alfy,Siddle,asiddle9d@wix.com,Female,248.17.158.164
339,Jolynn,Mitcham,jmitcham9e@instagram.com,Female,245.151.192.246
340,Wilhelm,Bence,wbence9f@stumbleupon.com,Male,4.188.77.78
341,Karlan,Pabel,kpabel9g@samsung.com,Male,149.48.96.39
342,Ania,Swyer-Sexey,aswyersexey9h@homestead.com,Female,92.129.229.251
343,Happy,Gittings,hgittings9i@reuters.com,Female,135.62.61.186
344,Yankee,Benedict,ybenedict9j@liveinternet.ru,Male,213.84.145.105
345,Andreana,Jacketts,ajacketts9k@angelfire.com,Female,191.26.197.3
346,Marisa,Symons,msymons9l@elpais.com,Female,145.84.198.142
347,Christalle,De Biaggi,cdebiaggi9m@clickbank.net,Female,106.57.216.43
348,Dyanna,Rourke,drourke9n@clickbank.net,Female,163.24.14.101
349,Karyn,Dunthorn,kdunthorn9o@vimeo.com,Female,46.34.134.11
350,Willy,Amyes,wamyes9p@topsy.com,Male,8.50.198.145
351,Barnard,Livoir,blivoir9q@timesonline.co.uk,Male,248.58.225.127
352,Engracia,Gerholz,egerholz9r@mtv.com,Female,184.209.248.55
353,Fremont,Dahl,fdahl9s@abc.net.au,Male,217.158.238.4
354,Culley,Havile,chavile9t@fastcompany.com,Male,110.53.94.129
355,Darnall,Dadswell,ddadswell9u@google.pl,Male,246.236.207.192
356,Tony,Weston,tweston9v@google.ca,Male,48.100.64.122
357,Dorri,Preene,dpreene9w@ibm.com,Female,127.14.20.196
358,Leupold,Cruickshank,lcruickshank9x@fastcompany.com,Male,27.174.189.102
359,Minetta,Notman,mnotman9y@cdbaby.com,Female,225.5.43.65
360,Christine,Highway,chighway9z@senate.gov,Female,71.255.190.74
361,Jacob,Moubray,jmoubraya0@nhs.uk,Male,163.62.104.100
362,Bebe,Beeckx,bbeeckxa1@printfriendly.com,Female,87.62.46.218
363,Laurel,Lufkin,llufkina2@slideshare.net,Female,49.70.159.30
364,Durant,Biaggiotti,dbiaggiottia3@posterous.com,Male,10.240.31.244
365,Heinrik,Shorto,hshortoa4@aol.com,Male,21.152.54.242
366,Maddi,Andreone,mandreonea5@yahoo.com,Female,243.188.249.203
367,Engracia,Biles,ebilesa6@plala.or.jp,Female,55.186.145.248
368,Wolf,Morit,wmorita7@independent.co.uk,Male,9.57.32.206
369,Tedd,Jancik,tjancika8@ycombinator.com,Male,20.216.215.101
370,Elmo,Clousley,eclousleya9@netscape.com,Male,128.133.37.224
371,Dewie,Lehrer,dlehreraa@canalblog.com,Male,148.22.67.153
372,Joelynn,Muckian,jmuckianab@ibm.com,Female,31.32.220.238
373,Derby,Cogzell,dcogzellac@ehow.com,Male,253.41.3.228
374,Ludovika,Lindholm,llindholmad@mtv.com,Female,238.62.204.222
375,Pet,Omar,pomarae@tumblr.com,Female,254.171.61.202
376,Whitby,Thorrington,wthorringtonaf@wikia.com,Male,96.77.203.230
377,Carlynne,Dovington,cdovingtonag@ibm.com,Female,75.168.236.245
378,Brand,Spoors,bspoorsah@nydailynews.com,Male,23.243.181.47
379,Malva,McLeese,mmcleeseai@ihg.com,Female,232.108.99.55
380,Leeland,Sallery,lsalleryaj@slashdot.org,Male,58.26.176.156
381,Mattheus,Sheriff,msheriffak@hhs.gov,Male,140.248.242.62
382,Daveta,Gowen,dgowenal@163.com,Female,40.41.64.210
383,Hal,Casella,hcasellaam@live.com,Male,106.55.146.246
384,Dian,Warrack,dwarrackan@patch.com,Female,242.29.13.220
385,Kathie,Tilly,ktillyao@nationalgeographic.com,Female,194.199.106.145
386,Marlee,Leonarde,mleonardeap@businessweek.com,Female,48.178.54.141
387,Peria,MacGiolla,pmacgiollaaq@canalblog.com,Female,189.13.237.237
388,Wren,Balcombe,wbalcombear@mtv.com,Female,42.159.213.208
389,Starlin,D'Alessio,sdalessioas@hubpages.com,Female,247.37.225.140
390,Chris,De Benedetti,cdebenedettiat@biglobe.ne.jp,Female,118.12.107.240
391,Marney,Wraighte,mwraighteau@free.fr,Female,7.11.110.169
392,Lorraine,Kienle,lkienleav@yandex.ru,Female,33.131.11.69
393,Erik,Vineall,evineallaw@buzzfeed.com,Male,118.223.191.79
394,Roth,Colloff,rcolloffax@mapquest.com,Male,229.39.13.161
395,Honor,Dullingham,hdullinghamay@indiegogo.com,Female,44.3.212.65
396,Jolyn,Bernath,jbernathaz@toplist.cz,Female,197.12.157.233
397,Margarethe,Natalie,mnatalieb0@wired.com,Female,215.231.102.129
398,Corenda,Philps,cphilpsb1@toplist.cz,Female,36.158.52.121
399,Cirstoforo,Qualtrough,cqualtroughb2@shinystat.com,Male,74.192.227.113
400,Edith,Berriman,eberrimanb3@google.es,Female,58.132.6.197
401,Laurette,Haeslier,lhaeslierb4@nature.com,Female,60.96.59.234
402,Nancee,Toll,ntollb5@freewebs.com,Female,3.94.198.249
403,Verla,Pacey,vpaceyb6@surveymonkey.com,Female,82.82.232.249
404,Arielle,Towle,atowleb7@e-recht24.de,Female,251.52.212.68
405,Gard,Farfalameev,gfarfalameevb8@wikispaces.com,Male,76.8.84.212
406,Brooke,Golborn,bgolbornb9@amazonaws.com,Male,189.213.170.234
407,Kari,Claiton,kclaitonba@wisc.edu,Female,129.236.96.214
408,Pebrook,Starkie,pstarkiebb@thetimes.co.uk,Male,53.197.242.20
409,Bobbette,Vampouille,bvampouillebc@plala.or.jp,Female,159.202.7.152
410,Eduard,McQuarrie,emcquarriebd@theatlantic.com,Male,229.186.155.226
411,Arlene,Axton,aaxtonbe@oakley.com,Female,107.6.255.199
412,Madelon,Readett,mreadettbf@hao123.com,Female,10.73.103.219
413,Esma,Kulic,ekulicbg@harvard.edu,Female,153.165.156.24
414,Midge,Beagles,mbeaglesbh@mayoclinic.com,Female,85.108.22.208
415,Kiley,Rebeiro,krebeirobi@ft.com,Female,4.5.57.208
416,Randi,Leglise,rleglisebj@miitbeian.gov.cn,Male,164.32.212.228
417,Jarib,Coombes,jcoombesbk@github.io,Male,144.153.148.72
418,Durant,Lawful,dlawfulbl@umn.edu,Male,12.32.107.121
419,Natasha,Sinnatt,nsinnattbm@cargocollective.com,Female,66.148.1.0
420,Alexio,Winspeare,awinspearebn@columbia.edu,Male,155.141.173.1
421,Brear,Kachel,bkachelbo@imdb.com,Female,209.15.73.93
422,Callida,Summerill,csummerillbp@ovh.net,Female,169.109.67.166
423,Anatollo,Moreinu,amoreinubq@comsenz.com,Male,111.27.78.124
424,Mike,Dibdall,mdibdallbr@paypal.com,Male,152.187.207.213
425,Johan,Biskupski,jbiskupskibs@bloomberg.com,Male,0.233.11.89
426,Cris,Antecki,canteckibt@jimdo.com,Male,254.57.188.102
427,Timothea,Morbey,tmorbeybu@gizmodo.com,Female,165.252.167.86
428,Mitchel,Kinnaird,mkinnairdbv@scientificamerican.com,Male,45.240.204.158
429,Carlin,Hlavecek,chlavecekbw@webs.com,Male,241.187.99.205
430,Costa,Mulqueeny,cmulqueenybx@so-net.ne.jp,Male,47.54.97.161
431,Martita,Olek,molekby@usatoday.com,Female,80.28.16.133
432,Malinda,Tresise,mtresisebz@fc2.com,Female,76.25.188.82
433,Finley,Chishull,fchishullc0@icq.com,Male,0.153.131.43
434,Eran,Cowling,ecowlingc1@github.com,Female,110.201.69.49
435,Jens,Nouch,jnouchc2@comcast.net,Male,26.208.228.2
436,Rafaello,Mulrenan,rmulrenanc3@wiley.com,Male,29.47.88.142
437,Roth,Biddles,rbiddlesc4@statcounter.com,Male,197.119.246.61
438,Elissa,Render,erenderc5@go.com,Female,227.182.173.102
439,Romy,Wickerson,rwickersonc6@wufoo.com,Female,74.123.132.49
440,Shamus,Deveral,sdeveralc7@biglobe.ne.jp,Male,36.216.96.143
441,Pennie,Bainbridge,pbainbridgec8@live.com,Male,159.238.23.200
442,Lila,Clavering,lclaveringc9@sogou.com,Female,27.96.77.171
443,Leonelle,Winsom,lwinsomca@nytimes.com,Female,215.55.177.137
444,Carter,Pleasance,cpleasancecb@hao123.com,Male,109.205.133.103
445,Hermon,Have,hhavecc@admin.ch,Male,141.153.118.95
446,Davie,Mattsson,dmattssoncd@marketwatch.com,Male,110.54.65.77
447,Pearle,Galley,pgalleyce@taobao.com,Female,157.173.132.42
448,Felicity,Verrills,fverrillscf@plala.or.jp,Female,147.23.45.124
449,Janith,Bulfoot,jbulfootcg@icio.us,Female,156.207.4.146
450,Ruth,De Biaggi,rdebiaggich@ustream.tv,Female,215.61.189.84
451,Theodor,Poxton,tpoxtonci@drupal.org,Male,147.170.64.54
452,Sargent,Nesbit,snesbitcj@shop-pro.jp,Male,146.20.2.241
453,Urbano,Sappy,usappyck@zimbio.com,Male,106.12.28.107
454,Jessey,Highman,jhighmancl@list-manage.com,Male,67.145.65.50
455,Donnamarie,Flaws,dflawscm@google.cn,Female,245.1.109.246
456,Myrvyn,Coytes,mcoytescn@whitehouse.gov,Male,234.227.217.153
457,Brendis,Causbey,bcausbeyco@g.co,Male,157.71.51.77
458,Arnoldo,Manser,amansercp@usgs.gov,Male,54.89.149.4
459,Pier,Thonger,pthongercq@archive.org,Female,6.185.98.96
460,Cleve,Hurles,churlescr@nydailynews.com,Male,228.248.126.59
461,Jarad,Minto,jmintocs@google.fr,Male,157.41.101.143
462,Asa,Woodman,awoodmanct@soup.io,Male,192.92.205.94
463,Myer,Carreck,mcarreckcu@tinyurl.com,Male,34.110.99.99
464,Marijn,Halfhyde,mhalfhydecv@purevolume.com,Male,121.153.15.219
465,Phylis,Vigors,pvigorscw@msu.edu,Female,90.176.15.1
466,Deerdre,Kingwell,dkingwellcx@xrea.com,Female,194.178.195.100
467,Lane,Easter,leastercy@de.vu,Male,210.214.124.229
468,Hall,Mursell,hmursellcz@about.com,Male,61.235.82.8
469,Violet,Overland,voverlandd0@shutterfly.com,Female,172.131.43.97
470,Vonny,McKenny,vmckennyd1@quantcast.com,Female,85.143.83.199
471,Lin,Martinon,lmartinond2@zdnet.com,Female,71.237.40.188
472,Cherye,Windebank,cwindebankd3@furl.net,Female,82.18.98.140
473,Nancey,Keddle,nkeddled4@google.de,Female,107.96.22.38
474,Brig,MacTrusty,bmactrustyd5@state.gov,Male,201.122.7.57
475,Hildagard,Ong,hongd6@dmoz.org,Female,118.56.17.246
476,Alvira,Bryce,abryced7@clickbank.net,Female,68.161.180.71
477,Liza,Roberson,lrobersond8@livejournal.com,Female,202.193.25.20
478,Agneta,Dyster,adysterd9@un.org,Female,104.211.236.115
479,Emmett,Mashal,emashalda@ca.gov,Male,192.15.255.234
480,Leanna,Glaze,lglazedb@skyrock.com,Female,156.172.210.238
481,Rodger,McNelis,rmcnelisdc@multiply.com,Male,72.177.179.149
482,Hiram,Engeham,hengehamdd@typepad.com,Male,72.115.122.231
483,Cathy,Langlais,clanglaisde@discuz.net,Female,58.70.55.198
484,Sebastian,Luggar,sluggardf@boston.com,Male,250.66.29.109
485,Kori,Side,ksidedg@time.com,Female,127.213.142.56
486,Enrique,Crick,ecrickdh@ted.com,Male,116.56.120.193
487,Xylia,Rodliff,xrodliffdi@businessweek.com,Female,185.81.206.181
488,Roanna,O'Grada,rogradadj@sourceforge.net,Female,172.34.221.25
489,Adiana,Buckberry,abuckberrydk@tinyurl.com,Female,209.38.7.114
490,Kingsly,Fairleigh,kfairleighdl@lulu.com,Male,1.181.192.111
491,Nicolea,Gimlet,ngimletdm@is.gd,Female,28.243.83.180
492,Constance,Hanmore,chanmoredn@seattletimes.com,Female,176.67.71.200
493,Mellisa,Aaronson,maaronsondo@miitbeian.gov.cn,Female,199.175.152.17
494,Sarene,Taynton,stayntondp@topsy.com,Female,142.179.221.19
495,Brade,Walentynowicz,bwalentynowiczdq@ca.gov,Male,138.116.156.187
496,Jane,Magson,jmagsondr@ftc.gov,Female,157.57.82.71
497,Mallissa,Ternott,mternottds@ftc.gov,Female,153.214.38.144
498,Joline,Gregs,jgregsdt@storify.com,Female,125.64.72.124
499,Saundra,Billborough,sbillboroughdu@facebook.com,Female,85.219.206.237
500,Dionysus,McLeish,dmcleishdv@geocities.com,Male,24.198.21.79
501,Tallulah,Handaside,thandasidedw@squarespace.com,Female,92.32.213.107
502,Prince,Scadden,pscaddendx@163.com,Male,119.69.7.36
503,Ashli,Graddon,agraddondy@arizona.edu,Female,233.162.17.18
504,Kingsley,McCullouch,kmccullouchdz@baidu.com,Male,141.218.8.107
505,Theadora,Mogford,tmogforde0@census.gov,Female,165.57.0.153
506,Peder,Mebes,pmebese1@opera.com,Male,13.17.198.178
507,Angus,Touzey,atouzeye2@exblog.jp,Male,255.199.255.145
508,Hermon,Spritt,hspritte3@about.com,Male,158.15.176.157
509,Freida,Giorgione,fgiorgionee4@simplemachines.org,Female,12.57.128.21
510,Arvie,Pendrich,apendriche5@wufoo.com,Male,233.246.128.116
511,Darrin,Rowson,drowsone6@kickstarter.com,Male,17.74.128.238
512,Reggie,Bauckham,rbauckhame7@chron.com,Male,11.186.40.138
513,Ives,Blasli,iblaslie8@japanpost.jp,Male,62.231.221.206
514,Allen,Puttan,aputtane9@senate.gov,Male,117.19.239.26
515,Chaunce,Ianson,ciansonea@1688.com,Male,46.205.235.27
516,Marne,Boud,mboudeb@phoca.cz,Female,27.207.188.156
517,Zena,Knottley,zknottleyec@jigsy.com,Female,182.121.203.158
518,Blair,Couldwell,bcouldwelled@google.co.uk,Male,35.57.194.28
519,Carny,Willwood,cwillwoodee@so-net.ne.jp,Male,119.9.125.89
520,Kitti,Helbeck,khelbeckef@amazon.de,Female,141.244.201.237
521,Leisha,Dougher,ldoughereg@mayoclinic.com,Female,170.148.66.39
522,Selle,Maybery,smayberyeh@rakuten.co.jp,Female,170.84.242.159
523,Frederico,Asbrey,fasbreyei@xrea.com,Male,49.57.17.161
524,Vernice,Paulmann,vpaulmannej@shop-pro.jp,Female,208.247.43.220
525,Galina,Woolen,gwoolenek@omniture.com,Female,238.71.211.8
526,Celestine,Cestard,ccestardel@sfgate.com,Female,38.17.249.26
527,Rubie,Ruslin,rruslinem@creativecommons.org,Female,153.26.19.180
528,Dexter,Chatel,dchatelen@pinterest.com,Male,71.91.223.239
529,Bailie,Robbert,brobberteo@topsy.com,Male,101.213.253.175
530,Taddeo,Schellig,tschelligep@digg.com,Male,149.178.101.252
531,Chase,Ekless,ceklesseq@prnewswire.com,Male,1.227.204.118
532,Rosette,Buske,rbuskeer@nasa.gov,Female,221.51.162.246
533,Kurtis,Espadero,kespaderoes@infoseek.co.jp,Male,1.216.161.160
534,Wang,Anglim,wanglimet@livejournal.com,Male,239.111.210.37
535,Petra,Whettleton,pwhettletoneu@weebly.com,Female,126.201.189.90
536,Elita,McPeice,emcpeiceev@miibeian.gov.cn,Female,22.143.175.31
537,Reyna,Margeram,rmargeramew@redcross.org,Female,92.116.104.82
538,Jedediah,Robard,jrobardex@theglobeandmail.com,Male,192.96.249.78
539,Benjamin,Blain,bblainey@t-online.de,Male,56.126.56.215
540,Jessica,Adamo,jadamoez@twitpic.com,Female,2.17.174.251
541,Northrup,Graveston,ngravestonf0@zdnet.com,Male,113.49.169.171
542,Camille,Jakubovics,cjakubovicsf1@list-manage.com,Female,150.124.206.235
543,Hestia,Lakeland,hlakelandf2@seattletimes.com,Female,20.129.224.48
544,Vina,Aiskovitch,vaiskovitchf3@indiatimes.com,Female,230.145.104.88
545,Rosette,MacQuist,rmacquistf4@ezinearticles.com,Female,110.119.71.36
546,Arin,Le Guin,aleguinf5@va.gov,Male,155.90.229.212
547,Shannon,Copland,scoplandf6@prweb.com,Female,69.25.51.214
548,Regen,Dagnall,rdagnallf7@simplemachines.org,Male,10.223.217.230
549,Gretchen,Ruske,gruskef8@liveinternet.ru,Female,1.23.224.223
550,Ferdy,Swindlehurst,fswindlehurstf9@geocities.com,Male,182.88.12.174
551,Mile,Mursell,mmursellfa@sphinn.com,Male,255.233.216.156
552,Ingra,Candlin,icandlinfb@tripod.com,Male,70.70.124.87
553,Sanson,Pancoast,spancoastfc@google.de,Male,39.247.113.225
554,Cari,Yell,cyellfd@jalbum.net,Female,38.122.162.25
555,Todd,Coultard,tcoultardfe@tiny.cc,Male,20.208.206.138
556,Mariel,Wrinch,mwrinchff@bloglovin.com,Female,63.157.231.111
557,Lance,Paolino,lpaolinofg@wunderground.com,Male,55.169.222.255
558,Gustave,Boath,gboathfh@istockphoto.com,Male,231.139.70.65
559,Fawne,Scottini,fscottinifi@columbia.edu,Female,53.26.36.15
560,Walden,Straffon,wstraffonfj@freewebs.com,Male,141.84.168.102
561,Vivianna,Kunzelmann,vkunzelmannfk@howstuffworks.com,Female,36.104.50.63
562,Kipper,Heppenspall,kheppenspallfl@wsj.com,Male,176.63.177.32
563,Anthiathia,Gavrielli,agavriellifm@woothemes.com,Female,7.20.163.87
564,Cordy,Kittow,ckittowfn@chron.com,Female,45.66.30.132
565,Maddalena,Timoney,mtimoneyfo@miibeian.gov.cn,Female,20.192.77.146
566,Franciskus,Burds,fburdsfp@mediafire.com,Male,242.216.47.56
567,Benedicta,Klos,bklosfq@nih.gov,Female,155.121.160.112
568,Virgie,Habble,vhabblefr@comsenz.com,Male,72.115.131.13
569,Skyler,Charlotte,scharlottefs@hexun.com,Male,3.194.13.115
570,Annamaria,Duker,adukerft@nps.gov,Female,198.226.158.49
571,Shawn,Golsthorp,sgolsthorpfu@sphinn.com,Female,178.187.246.144
572,Gennie,Patey,gpateyfv@webnode.com,Female,96.52.126.104
573,Bradney,Judd,bjuddfw@reference.com,Male,180.173.25.242
574,Sherm,Chesman,schesmanfx@chron.com,Male,202.113.190.239
575,Laurianne,Satterly,lsatterlyfy@apple.com,Female,65.224.110.123
576,Nannette,Stickens,nstickensfz@ocn.ne.jp,Female,172.201.148.223
577,Elvyn,Pelz,epelzg0@hexun.com,Male,26.169.33.132
578,Boothe,Twelvetrees,btwelvetreesg1@purevolume.com,Male,233.130.55.156
579,Dione,Balsdon,dbalsdong2@sogou.com,Female,150.57.98.42
580,Skipper,McKleod,smckleodg3@constantcontact.com,Male,43.131.105.38
581,Harriot,Chazelle,hchazelleg4@columbia.edu,Female,34.61.212.139
582,Jamal,Marsy,jmarsyg5@telegraph.co.uk,Male,222.192.18.78
583,Obadiah,Jagiello,ojagiellog6@mail.ru,Male,224.191.48.188
584,Dorotea,Cantero,dcanterog7@sciencedaily.com,Female,161.225.111.71
585,Freida,Minchindon,fminchindong8@yale.edu,Female,126.241.89.174
586,Tedra,Giacomo,tgiacomog9@vistaprint.com,Female,33.185.3.72
587,Valina,Ramble,vramblega@slate.com,Female,104.56.200.101
588,Brooks,Gloves,bglovesgb@netlog.com,Male,13.168.244.165
589,Nolana,Pitchers,npitchersgc@symantec.com,Female,54.122.186.253
590,Carey,Bullier,cbulliergd@github.io,Female,162.225.193.119
591,Florance,Kubacki,fkubackige@webnode.com,Female,200.144.168.237
592,Cyb,Caldairou,ccaldairougf@goo.gl,Female,200.6.250.23
593,Cheston,Badman,cbadmangg@cdc.gov,Male,46.103.45.248
594,Rosalinda,Blease,rbleasegh@vkontakte.ru,Female,78.101.14.56
595,Monica,Trayford,mtrayfordgi@ca.gov,Female,69.86.172.190
596,Antonella,Bletso,abletsogj@columbia.edu,Female,51.105.162.10
597,Norbert,Cappineer,ncappineergk@globo.com,Male,232.157.46.117
598,Zeb,Verity,zveritygl@networkadvertising.org,Male,107.68.182.15
599,Hayes,Sellman,hsellmangm@printfriendly.com,Male,108.44.159.248
600,Dorotea,Spinney,dspinneygn@reference.com,Female,108.77.4.97
601,Trula,Fallanche,tfallanchego@vistaprint.com,Female,25.210.236.137
602,Christos,Rubroe,crubroegp@miibeian.gov.cn,Male,80.116.17.122
603,Doll,Tessyman,dtessymangq@bandcamp.com,Female,20.195.104.31
604,Annetta,Stinson,astinsongr@dagondesign.com,Female,45.59.115.65
605,Porter,Lezemere,plezemeregs@blogtalkradio.com,Male,207.64.101.196
606,Rod,Cage,rcagegt@amazon.co.uk,Male,239.163.79.202
607,Arte,Boodle,aboodlegu@vinaora.com,Male,99.63.34.171
608,Derrek,Dandy,ddandygv@yandex.ru,Male,193.134.117.25
609,Berkie,Willison,bwillisongw@discovery.com,Male,239.243.25.174
610,Matias,Miskin,mmiskingx@usgs.gov,Male,171.136.216.151
611,Deck,Butchers,dbutchersgy@google.com.hk,Male,27.198.151.53
612,Brigitta,Blincow,bblincowgz@google.de,Female,216.251.15.252
613,Kellen,Gjerde,kgjerdeh0@rambler.ru,Female,195.69.89.10
614,Elana,Willavoys,ewillavoysh1@youtu.be,Female,222.206.123.113
615,Tricia,Smaling,tsmalingh2@businessweek.com,Female,206.34.56.109
616,Ansel,Josifovic,ajosifovich3@vkontakte.ru,Male,127.101.75.33
617,Nancee,Tebbit,ntebbith4@drupal.org,Female,161.76.158.35
618,Merilee,Killiner,mkillinerh5@wikipedia.org,Female,173.30.44.25
619,Noelani,Keymer,nkeymerh6@imgur.com,Female,74.35.252.199
620,Yoko,Benfell,ybenfellh7@ovh.net,Female,146.117.60.233
621,Josephine,Vayro,jvayroh8@redcross.org,Female,64.111.116.133
622,Stanleigh,Lawlee,slawleeh9@cnn.com,Male,5.2.232.48
623,Christabel,Heaven,cheavenha@google.it,Female,176.130.193.249
624,Josee,MacFaul,jmacfaulhb@bravesites.com,Female,212.165.122.110
625,Denni,Sibbs,dsibbshc@state.gov,Female,205.70.67.20
626,Meris,Tizzard,mtizzardhd@engadget.com,Female,21.200.125.48
627,Ray,Dewane,rdewanehe@umich.edu,Female,70.230.187.158
628,Martynne,Ralphs,mralphshf@wix.com,Female,167.149.41.204
629,Herman,Stuttard,hstuttardhg@salon.com,Male,105.167.83.46
630,Raphaela,Schachter,rschachterhh@ed.gov,Female,96.196.16.174
631,Kamillah,Hackinge,khackingehi@discovery.com,Female,139.13.130.251
632,Loydie,Muspratt,lmuspratthj@weather.com,Male,177.81.87.84
633,Yolanda,Ianni,yiannihk@google.nl,Female,136.80.254.81
634,Skippie,Cherrison,scherrisonhl@patch.com,Male,203.173.188.26
635,Teddi,Perrat,tperrathm@networksolutions.com,Female,70.151.79.168
636,Chadd,Duddridge,cduddridgehn@devhub.com,Male,139.190.159.89
637,Datha,Bebbington,dbebbingtonho@last.fm,Female,118.146.179.56
638,Charles,Dulen,cdulenhp@comsenz.com,Male,37.171.165.95
639,Peggy,Stigell,pstigellhq@prweb.com,Female,8.7.204.150
640,Tatiana,Jedras,tjedrashr@slate.com,Female,226.210.117.68
641,Moria,Bartholat,mbartholaths@msn.com,Female,117.12.75.109
642,Clyve,Dudny,cdudnyht@i2i.jp,Male,119.154.212.76
643,Janet,Dawidowitz,jdawidowitzhu@nba.com,Female,6.113.252.217
644,Jeanie,Melley,jmelleyhv@guardian.co.uk,Female,62.7.191.1
645,Sinclair,Bancroft,sbancrofthw@huffingtonpost.com,Male,17.17.121.235
646,Frederik,Richten,frichtenhx@sciencedirect.com,Male,136.111.58.41
647,Buddie,Jervois,bjervoishy@slashdot.org,Male,27.69.138.20
648,Modesta,Ottewell,mottewellhz@elegantthemes.com,Female,89.61.31.157
649,Eddie,Bostock,ebostocki0@yolasite.com,Female,210.199.163.119
650,Nathan,Gallaway,ngallawayi1@state.gov,Male,14.178.151.230
651,Massimo,Lippard,mlippardi2@behance.net,Male,239.229.204.251
652,Kaila,Heijne,kheijnei3@tinyurl.com,Female,106.42.107.95
653,Leshia,Duny,ldunyi4@fda.gov,Female,151.85.66.175
654,Lidia,MacKeig,lmackeigi5@com.com,Female,52.117.116.171
655,Collete,Downage,cdownagei6@goodreads.com,Female,3.153.249.233
656,Jen,Niblett,jnibletti7@delicious.com,Female,168.244.194.147
657,Lurette,Font,lfonti8@behance.net,Female,83.107.231.57
658,Bobinette,Croizier,bcroizieri9@ed.gov,Female,102.95.181.96
659,Audrie,Dancer,adanceria@360.cn,Female,251.41.80.243
660,Denney,Botcherby,dbotcherbyib@stumbleupon.com,Male,87.62.2.96
661,Merrielle,Petcher,mpetcheric@last.fm,Female,176.26.237.145
662,Jenilee,Ferrandez,jferrandezid@illinois.edu,Female,255.51.105.158
663,Verena,Colborn,vcolbornie@amazon.com,Female,247.114.102.31
664,Coretta,Pelcheur,cpelcheurif@csmonitor.com,Female,169.124.42.36
665,Moritz,Ferreira,mferreiraig@issuu.com,Male,51.134.155.82
666,Fey,Coaker,fcoakerih@themeforest.net,Female,157.133.199.168
667,Ana,Philo,aphiloii@bandcamp.com,Female,56.148.212.187
668,Berke,Cocklie,bcocklieij@joomla.org,Male,36.78.129.108
669,Farlee,Castle,fcastleik@geocities.jp,Male,42.192.1.180
670,Josefa,Schubert,jschubertil@ning.com,Female,161.228.157.46
671,Cosmo,Ramard,cramardim@posterous.com,Male,51.254.222.180
672,Peadar,Gaisford,pgaisfordin@symantec.com,Male,248.22.1.138
673,Ameline,Playle,aplayleio@networkadvertising.org,Female,254.167.106.23
674,Daren,Frigout,dfrigoutip@flavors.me,Male,59.239.69.165
675,Eleanore,Lorait,eloraitiq@icq.com,Female,101.10.105.207
676,Heriberto,Girdler,hgirdlerir@canalblog.com,Male,63.64.253.204
677,Kelsy,Geratt,kgerattis@1und1.de,Female,240.220.20.119
678,Sondra,Goring,sgoringit@bloomberg.com,Female,224.51.171.113
679,Anstice,Musla,amuslaiu@time.com,Female,249.66.75.112
680,Kanya,Whiteland,kwhitelandiv@google.com.hk,Female,155.77.114.223
681,Aylmar,Vedekhin,avedekhiniw@pbs.org,Male,11.217.39.225
682,Koo,Kneel,kkneelix@meetup.com,Female,179.23.170.175
683,Derrik,Penniell,dpennielliy@tinyurl.com,Male,30.144.40.199
684,Giraud,Anstice,gansticeiz@globo.com,Male,235.133.139.93
685,Elyssa,Bahlmann,ebahlmannj0@wired.com,Female,37.238.183.37
686,Manon,Heggman,mheggmanj1@bloomberg.com,Female,39.106.118.93
687,Carita,Donald,cdonaldj2@zimbio.com,Female,193.31.199.27
688,Kippie,Jobbings,kjobbingsj3@plala.or.jp,Male,101.241.231.253
689,Gray,Heavens,gheavensj4@sphinn.com,Male,48.114.36.74
690,Terence,Sparkes,tsparkesj5@squarespace.com,Male,31.20.116.8
691,Jacquelyn,A'Barrow,jabarrowj6@harvard.edu,Female,208.95.249.94
692,Britteny,Edscer,bedscerj7@bloglovin.com,Female,168.87.211.5
693,Elwyn,Ibotson,eibotsonj8@xrea.com,Male,227.187.222.208
694,Pablo,Stollman,pstollmanj9@chicagotribune.com,Male,123.196.48.74
695,Rani,McTrustey,rmctrusteyja@webeden.co.uk,Female,29.52.235.208
696,Eldredge,Rodder,erodderjb@hao123.com,Male,9.253.63.6
697,Robinette,Gebb,rgebbjc@china.com.cn,Female,4.109.141.190
698,Annadiane,Biggar,abiggarjd@delicious.com,Female,164.10.81.103
699,Janeta,Somerfield,jsomerfieldje@discovery.com,Female,18.91.67.26
700,Adelina,Belasco,abelascojf@sohu.com,Female,22.68.39.61
701,Stepha,Borrie,sborriejg@dell.com,Female,163.144.148.41
702,Elvin,Garside,egarsidejh@marketwatch.com,Male,222.125.228.115
703,Freida,Rosenbarg,frosenbargji@springer.com,Female,15.60.187.108
704,Shalne,Dalliwater,sdalliwaterjj@earthlink.net,Female,141.235.132.109
705,Thorndike,Parcell,tparcelljk@salon.com,Male,53.93.251.225
706,Dotti,Signorelli,dsignorellijl@hostgator.com,Female,167.103.134.102
707,Lavina,Ellershaw,lellershawjm@unblog.fr,Female,64.224.234.249
708,Nance,Meany,nmeanyjn@blogspot.com,Female,159.152.82.189
709,Orlando,Griffitt,ogriffittjo@vkontakte.ru,Male,195.87.24.128
710,Ashien,Gecke,ageckejp@techcrunch.com,Female,182.180.165.7
711,Kayle,Holbie,kholbiejq@economist.com,Female,167.104.153.123
712,Irvin,Avrashin,iavrashinjr@4shared.com,Male,24.204.82.81
713,Ira,Glyne,iglynejs@dailymotion.com,Female,186.216.100.238
714,Garek,Staite,gstaitejt@symantec.com,Male,188.106.188.189
715,Kailey,Radki,kradkiju@tamu.edu,Female,229.77.137.107
716,Pasquale,Vanderplas,pvanderplasjv@webmd.com,Male,95.221.141.38
717,Deck,Jurgenson,djurgensonjw@flickr.com,Male,124.80.47.201
718,Missie,Brissenden,mbrissendenjx@sciencedaily.com,Female,242.10.17.15
719,Devlen,Berryman,dberrymanjy@flavors.me,Male,28.2.206.71
720,Terence,Congram,tcongramjz@imageshack.us,Male,231.99.32.34
721,Cyndie,Tamburi,ctamburik0@networksolutions.com,Female,30.248.197.7
722,Ugo,Giorgioni,ugiorgionik1@nature.com,Male,69.0.135.108
723,Simonne,Downs,sdownsk2@photobucket.com,Female,170.56.94.93
724,Maddie,Eddins,meddinsk3@webnode.com,Male,18.196.77.127
725,Patin,Feehery,pfeeheryk4@hao123.com,Male,245.190.192.152
726,Timi,Northeast,tnortheastk5@fc2.com,Female,193.203.231.110
727,Laurice,Jelfs,ljelfsk6@uol.com.br,Female,147.122.173.244
728,Constantina,Barker,cbarkerk7@live.com,Female,230.87.101.13
729,Sylvester,MacKay,smackayk8@paypal.com,Male,75.42.207.148
730,Andrei,Zaczek,azaczekk9@yandex.ru,Female,107.82.166.32
731,Booth,Keilty,bkeiltyka@loc.gov,Male,29.167.21.9
732,Sydel,Christer,schristerkb@umich.edu,Female,65.189.154.169
733,Nancie,Bengtsen,nbengtsenkc@sina.com.cn,Female,13.110.184.177
734,Meir,Moral,mmoralkd@washington.edu,Male,77.29.161.254
735,Berky,Cay,bcayke@alibaba.com,Male,24.34.186.136
736,Vyky,Loomes,vloomeskf@wp.com,Female,195.137.147.244
737,Lewie,Sprowell,lsprowellkg@spiegel.de,Male,109.194.54.123
738,Darci,Brasener,dbrasenerkh@goo.ne.jp,Female,78.32.169.83
739,Jedediah,Leport,jleportki@pinterest.com,Male,239.188.131.52
740,Kellina,Doumenc,kdoumenckj@mail.ru,Female,211.195.91.180
741,Gardie,Killock,gkillockkk@ftc.gov,Male,152.52.147.234
742,Cassius,Nardoni,cnardonikl@delicious.com,Male,151.244.237.127
743,Alfy,Sloss,aslosskm@gravatar.com,Male,203.252.52.53
744,Caron,Meni,cmenikn@skype.com,Female,121.231.161.193
745,Bird,Antoniottii,bantoniottiiko@angelfire.com,Female,7.30.219.213
746,Audy,Doumic,adoumickp@nytimes.com,Female,236.98.131.221
747,Teriann,Tudball,ttudballkq@plala.or.jp,Female,44.6.190.37
748,Donella,Henbury,dhenburykr@paginegialle.it,Female,183.179.162.111
749,Umeko,Francais,ufrancaisks@paypal.com,Female,134.214.159.198
750,Sollie,Drayson,sdraysonkt@github.io,Male,231.220.51.138
751,Ailis,Batthew,abatthewku@wikimedia.org,Female,183.122.17.44
752,Cosimo,Fay,cfaykv@bravesites.com,Male,41.59.132.165
753,Thurston,Beaumont,tbeaumontkw@who.int,Male,86.189.84.169
754,Bridget,Mccaull,bmccaullkx@techcrunch.com,Female,50.159.77.183
755,Elfie,Buttwell,ebuttwellky@lulu.com,Female,164.68.7.226
756,Renata,Maybery,rmayberykz@dailymail.co.uk,Female,90.133.60.240
757,Myrvyn,Hinsch,mhinschl0@tinypic.com,Male,135.194.30.189
758,Kylen,Parzizek,kparzizekl1@pbs.org,Female,83.216.224.94
759,Jemmie,Courtenay,jcourtenayl2@ed.gov,Female,134.168.205.46
760,Robby,Snalham,rsnalhaml3@si.edu,Male,173.89.210.3
761,Norene,Grunbaum,ngrunbauml4@paginegialle.it,Female,158.252.93.159
762,Bernie,Haacker,bhaackerl5@mit.edu,Female,144.105.136.66
763,Cynde,Gye,cgyel6@comcast.net,Female,232.224.29.94
764,Terra,Tallon,ttallonl7@sbwire.com,Female,2.49.149.216
765,Virginia,Quillinane,vquillinanel8@patch.com,Female,212.106.182.217
766,Davie,Skeffington,dskeffingtonl9@unicef.org,Male,11.232.200.202
767,Hanna,Godain,hgodainla@cmu.edu,Female,79.36.94.203
768,Adolphe,Girardi,agirardilb@cbc.ca,Male,136.99.244.226
769,Ebba,Ceci,ececilc@yahoo.com,Female,134.182.129.136
770,Lilah,Thelwll,lthelwllld@i2i.jp,Female,217.170.111.168
771,Nichols,Dahlman,ndahlmanle@i2i.jp,Male,92.118.244.172
772,Trstram,Leathe,tleathelf@marriott.com,Male,68.158.163.106
773,Dianne,Arnull,darnulllg@ow.ly,Female,24.89.59.218
774,Brooks,Simm,bsimmlh@wsj.com,Male,77.129.216.229
775,Loutitia,Gergher,lgergherli@google.de,Female,158.45.97.155
776,Brena,Marousek,bmarouseklj@oakley.com,Female,210.120.75.232
777,Sianna,Kenford,skenfordlk@liveinternet.ru,Female,52.75.22.61
778,Westbrook,Bodley,wbodleyll@drupal.org,Male,64.95.71.198
779,Godfree,Athelstan,gathelstanlm@japanpost.jp,Male,97.164.35.93
780,Perren,Brunsden,pbrunsdenln@gov.uk,Male,254.43.254.186
781,Gerta,Petts,gpettslo@blog.com,Female,53.205.188.179
782,Uta,Figgess,ufiggesslp@bloomberg.com,Female,112.161.119.128
783,Audra,Santon,asantonlq@g.co,Female,44.126.178.157
784,Kory,Screas,kscreaslr@sbwire.com,Male,35.175.167.148
785,Bibbye,Brocking,bbrockingls@behance.net,Female,183.73.235.234
786,Silvanus,Filewood,sfilewoodlt@goo.ne.jp,Male,148.126.15.82
787,Leora,Filippone,lfilipponelu@moonfruit.com,Female,61.226.41.184
788,Kamila,Bims,kbimslv@domainmarket.com,Female,98.61.36.222
789,Hebert,Storie,hstorielw@whitehouse.gov,Male,212.212.180.28
790,Land,Hartshorn,lhartshornlx@sciencedaily.com,Male,149.48.145.171
791,Anabel,Overstreet,aoverstreetly@imgur.com,Female,54.75.30.149
792,Riane,Kock,rkocklz@github.com,Female,179.23.67.20
793,Brock,Mazin,bmazinm0@whitehouse.gov,Male,243.52.97.253
794,Garvy,Udie,gudiem1@paginegialle.it,Male,185.132.201.229
795,Kilian,Jayume,kjayumem2@csmonitor.com,Male,91.149.96.94
796,Cash,Llewhellin,cllewhellinm3@theatlantic.com,Male,245.27.152.173
797,Adamo,Selcraig,aselcraigm4@patch.com,Male,99.118.142.114
798,Kermy,Bratty,kbrattym5@squidoo.com,Male,28.97.252.184
799,Tynan,Kiff,tkiffm6@example.com,Male,81.251.85.74
800,Clemmy,Sheivels,csheivelsm7@xinhuanet.com,Female,173.127.72.194
801,Caddric,Sly,cslym8@geocities.com,Male,134.245.239.15
802,Xever,Aspenlon,xaspenlonm9@mozilla.com,Male,193.2.87.69
803,Oswell,MacAree,omacareema@gmpg.org,Male,244.218.216.253
804,Gaile,Wilber,gwilbermb@hc360.com,Male,126.61.87.161
805,Gwendolin,Woollacott,gwoollacottmc@acquirethisname.com,Female,172.100.57.195
806,Brien,McCuffie,bmccuffiemd@cisco.com,Male,144.189.3.195
807,Karly,Litzmann,klitzmannme@columbia.edu,Female,1.38.193.235
808,Claresta,Mapam,cmapammf@bizjournals.com,Female,217.32.232.129
809,Adair,Flatt,aflattmg@exblog.jp,Male,11.198.226.24
810,Rufe,Savins,rsavinsmh@wunderground.com,Male,167.203.203.236
811,Timofei,Faires,tfairesmi@vkontakte.ru,Male,162.8.215.12
812,Basil,Tregidgo,btregidgomj@github.com,Male,157.68.126.125
813,Celka,Ivankin,civankinmk@scientificamerican.com,Female,58.82.150.117
814,Gregorius,Gammett,ggammettml@statcounter.com,Male,52.79.89.41
815,Edgard,Bennike,ebennikemm@lycos.com,Male,149.54.11.158
816,Clarance,McCane,cmccanemn@hhs.gov,Male,232.40.237.197
817,Lyndsay,Beese,lbeesemo@cornell.edu,Female,131.217.84.26
818,Marigold,Van Dalen,mvandalenmp@php.net,Female,250.34.126.165
819,Rice,Argont,rargontmq@facebook.com,Male,153.76.221.112
820,Ruperto,Pentecust,rpentecustmr@dmoz.org,Male,217.8.114.43
821,Elly,Marcome,emarcomems@mac.com,Female,203.125.36.137
822,Faina,Albertson,falbertsonmt@statcounter.com,Female,11.81.115.187
823,Latashia,MacCartair,lmaccartairmu@mapy.cz,Female,241.147.21.24
824,Kiley,Weins,kweinsmv@usnews.com,Male,106.45.73.106
825,Gabriello,Ranyard,granyardmw@nydailynews.com,Male,188.96.189.210
826,Granger,Spincke,gspinckemx@ifeng.com,Male,31.111.183.133
827,Katti,McGerr,kmcgerrmy@wikipedia.org,Female,130.81.126.170
828,Mal,Nutter,mnuttermz@archive.org,Male,184.51.135.224
829,Wilhelmina,Kulis,wkulisn0@1688.com,Female,78.23.22.223
830,Giffie,Attiwill,gattiwilln1@ocn.ne.jp,Male,233.40.57.70
831,Fanni,Hundy,fhundyn2@wp.com,Female,163.230.34.139
832,Findley,Thornber,fthornbern3@java.com,Male,62.197.169.132
833,Dorette,Plampin,dplampinn4@bizjournals.com,Female,11.52.141.19
834,Allissa,Wickwar,awickwarn5@cpanel.net,Female,190.42.190.31
835,Langsdon,Mallinson,lmallinsonn6@slideshare.net,Male,133.174.151.65
836,Wilhelm,Adolthine,wadolthinen7@rediff.com,Male,164.185.231.166
837,Marty,Weall,mwealln8@jiathis.com,Male,93.18.248.222
838,Clarette,Powling,cpowlingn9@vkontakte.ru,Female,19.147.204.95
839,Matteo,Tibb,mtibbna@nsw.gov.au,Male,233.168.140.100
840,Daron,Peascod,dpeascodnb@dmoz.org,Female,100.39.77.218
841,Farrel,Carlan,fcarlannc@nasa.gov,Male,173.63.195.165
842,Elisa,Foan,efoannd@accuweather.com,Female,33.133.243.192
843,Padget,Kibbel,pkibbelne@cocolog-nifty.com,Male,250.162.126.50
844,Morly,Haywood,mhaywoodnf@yellowpages.com,Male,66.115.15.28
845,Garrot,Aurelius,gaureliusng@rakuten.co.jp,Male,72.149.39.201
846,Livvyy,McLarty,lmclartynh@quantcast.com,Female,218.240.47.208
847,Natalee,Bevington,nbevingtonni@ow.ly,Female,156.49.195.37
848,Giff,Mulrooney,gmulrooneynj@a8.net,Male,142.141.76.152
849,Lexine,Beiderbecke,lbeiderbeckenk@google.ca,Female,38.127.197.29
850,Ethe,Floch,eflochnl@comsenz.com,Male,10.184.35.219
851,Ashbey,Muffitt,amuffittnm@woothemes.com,Male,163.254.212.148
852,Alfredo,Valde,avaldenn@shareasale.com,Male,146.187.154.139
853,Dorree,Rymer,drymerno@geocities.jp,Female,20.48.62.207
854,Zenia,Bunclark,zbunclarknp@youku.com,Female,79.165.166.94
855,Bartholomeo,Winsor,bwinsornq@ezinearticles.com,Male,231.252.58.201
856,Nico,Baroc,nbarocnr@tuttocitta.it,Male,10.103.163.128
857,Anabella,Hooban,ahoobanns@samsung.com,Female,78.118.85.150
858,Hubert,Syder,hsydernt@oakley.com,Male,240.250.171.199
859,Nichole,Jockle,njocklenu@biglobe.ne.jp,Male,191.81.34.140
860,Marcos,Caulfield,mcaulfieldnv@ameblo.jp,Male,147.172.143.232
861,Pattin,Wavish,pwavishnw@issuu.com,Male,29.83.161.183
862,Raychel,Darch,rdarchnx@cnet.com,Female,18.166.71.167
863,Arlin,Messham,amesshamny@trellian.com,Male,149.139.157.120
864,Johnathan,Shellcross,jshellcrossnz@addtoany.com,Male,171.234.153.51
865,Rosabel,Toulamain,rtoulamaino0@google.com,Female,119.99.3.190
866,Vivienne,Holcroft,vholcrofto1@virginia.edu,Female,86.134.225.41
867,Perla,Masurel,pmasurelo2@usda.gov,Female,225.241.233.236
868,Lewie,Mayow,lmayowo3@amazon.com,Male,19.195.37.103
869,Rickert,FitzGibbon,rfitzgibbono4@squarespace.com,Male,0.62.33.65
870,Melisandra,Semark,msemarko5@nifty.com,Female,150.132.74.199
871,Lolita,Rampling,lramplingo6@smugmug.com,Female,136.13.22.207
872,Ashlan,MacBrearty,amacbreartyo7@amazon.co.jp,Female,34.41.37.253
873,Leontyne,Saggers,lsaggerso8@is.gd,Female,143.10.237.119
874,Taddeo,Nangle,tnangleo9@ca.gov,Male,97.24.250.21
875,Leelah,Wickson,lwicksonoa@github.io,Female,75.110.10.97
876,Ilysa,Trewin,itrewinob@unesco.org,Female,84.104.195.240
877,Scarlet,Sarjeant,ssarjeantoc@miitbeian.gov.cn,Female,243.134.48.183
878,Che,D'Oyley,cdoyleyod@addthis.com,Male,111.124.18.86
879,Paul,O'Crevan,pocrevanoe@google.nl,Male,208.69.125.185
880,Tedd,Ely,telyof@quantcast.com,Male,64.81.136.44
881,Penelopa,Rashleigh,prashleighog@shutterfly.com,Female,255.86.58.117
882,Gal,Atheis,gatheisoh@yahoo.com,Male,85.242.195.173
883,Rickert,D'Aulby,rdaulbyoi@google.ca,Male,163.51.31.159
884,Fiann,Hamnet,fhamnetoj@craigslist.org,Female,164.86.43.99
885,Noel,Alexis,nalexisok@godaddy.com,Male,225.177.76.109
886,Cora,Bunce,cbunceol@wunderground.com,Female,128.250.158.90
887,Goldarina,Marrison,gmarrisonom@nps.gov,Female,102.69.162.3
888,Farleigh,Dunstan,fdunstanon@china.com.cn,Male,32.138.118.24
889,Bamby,Galletley,bgalletleyoo@discovery.com,Female,5.78.68.136
890,Ardisj,Feron,aferonop@spiegel.de,Female,156.43.157.92
891,Terri,Grimsdale,tgrimsdaleoq@sakura.ne.jp,Female,213.40.64.122
892,Murray,Torbeck,mtorbeckor@instagram.com,Male,152.116.200.96
893,Celinka,Stockow,cstockowos@ifeng.com,Female,49.76.252.19
894,Jocko,Klaff,jklaffot@weibo.com,Male,112.209.254.239
895,Fairfax,Bourthouloume,fbourthouloumeou@issuu.com,Male,7.224.198.213
896,Neilla,Deverose,ndeveroseov@nytimes.com,Female,183.42.14.179
897,Elvera,Antalffy,eantalffyow@google.it,Female,235.141.19.172
898,Augie,Battle,abattleox@tuttocitta.it,Male,88.16.230.113
899,Reuben,Gaither,rgaitheroy@geocities.com,Male,183.32.219.237
900,Donni,Escofier,descofieroz@netscape.com,Female,72.30.32.106
901,Donny,Fruish,dfruishp0@sakura.ne.jp,Male,193.162.63.104
902,Tamra,Lazenbury,tlazenburyp1@tumblr.com,Female,2.138.255.210
903,Mar,Strowan,mstrowanp2@feedburner.com,Male,234.217.123.172
904,Reube,Fasse,rfassep3@diigo.com,Male,0.224.108.73
905,Elli,Rothert,erothertp4@amazon.de,Female,47.254.140.5
906,Tonya,Gunderson,tgundersonp5@blogs.com,Female,191.151.140.177
907,Kareem,Coryndon,kcoryndonp6@ezinearticles.com,Male,150.55.18.73
908,Romeo,Hobbert,rhobbertp7@woothemes.com,Male,224.125.121.210
909,Oliver,Castellan,ocastellanp8@google.pl,Male,202.100.209.4
910,Grace,Kettlestringes,gkettlestringesp9@nba.com,Male,247.13.70.103
911,Marcello,Berrisford,mberrisfordpa@storify.com,Male,7.103.118.209
912,Anette,Warcup,awarcuppb@stumbleupon.com,Female,32.141.33.17
913,Ros,Marc,rmarcpc@shop-pro.jp,Female,235.140.5.155
914,Marina,Cleen,mcleenpd@51.la,Female,157.139.38.48
915,Yolanda,Rowan,yrowanpe@blogtalkradio.com,Female,116.175.68.74
916,Sig,Konrad,skonradpf@shareasale.com,Male,221.212.38.141
917,Seymour,Quinnet,squinnetpg@bigcartel.com,Male,13.68.114.62
918,Freddie,Frearson,ffrearsonph@mozilla.org,Male,117.169.59.232
919,Netti,Paireman,npairemanpi@ezinearticles.com,Female,50.113.230.112
920,Beatrisa,Dahlman,bdahlmanpj@abc.net.au,Female,143.207.192.202
921,Lindsy,Waplinton,lwaplintonpk@a8.net,Female,171.75.133.182
922,Guntar,Learmont,glearmontpl@va.gov,Male,62.45.45.167
923,Ricky,Dimont,rdimontpm@dagondesign.com,Female,244.85.13.230
924,Robinia,Le Claire,rleclairepn@smh.com.au,Female,80.198.66.127
925,Abbie,Smalecombe,asmalecombepo@comcast.net,Female,76.40.0.25
926,Geri,Geratt,ggerattpp@oracle.com,Female,76.22.137.188
927,Lane,Stollwerk,lstollwerkpq@typepad.com,Female,108.226.199.188
928,Maryjane,Burren,mburrenpr@illinois.edu,Female,251.131.122.222
929,Jenni,Dunseath,jdunseathps@salon.com,Female,155.201.43.91
930,Link,Mation,lmationpt@salon.com,Male,209.182.129.238
931,Terri-jo,Lacy,tlacypu@tripadvisor.com,Female,206.48.141.248
932,Desiree,Ivanishev,divanishevpv@mtv.com,Female,255.151.128.249
933,Hollyanne,Bonnet,hbonnetpw@odnoklassniki.ru,Female,254.14.88.120
934,Gwenora,Penson,gpensonpx@irs.gov,Female,161.22.1.53
935,Lorin,Saggers,lsaggerspy@t.co,Male,215.146.234.161
936,Karalynn,Sealy,ksealypz@clickbank.net,Female,82.195.28.46
937,Nappie,Maloney,nmaloneyq0@amazon.de,Male,6.240.136.88
938,My,Seabrocke,mseabrockeq1@hatena.ne.jp,Male,165.65.196.68
939,Brana,Munnion,bmunnionq2@theguardian.com,Female,185.79.179.135
940,Gusty,Longstreeth,glongstreethq3@kickstarter.com,Female,14.33.90.108
941,Nomi,Garlinge,ngarlingeq4@jalbum.net,Female,146.199.224.3
942,Kora,Winney,kwinneyq5@icq.com,Female,134.92.201.242
943,Hayes,Loxton,hloxtonq6@hexun.com,Male,198.247.234.183
944,Garald,Bartalin,gbartalinq7@nydailynews.com,Male,82.151.196.195
945,Cassandry,Sweatland,csweatlandq8@123-reg.co.uk,Female,204.60.246.217
946,Jude,Date,jdateq9@clickbank.net,Male,48.235.56.50
947,Amity,Mourton,amourtonqa@over-blog.com,Female,254.116.106.139
948,Yolane,Moisey,ymoiseyqb@jiathis.com,Female,42.92.7.153
949,Robina,Durante,rduranteqc@weibo.com,Female,12.107.19.35
950,Aleksandr,Earles,aearlesqd@1688.com,Male,199.24.229.81
951,Clemence,Giraths,cgirathsqe@amazon.co.uk,Female,143.161.75.42
952,Alyda,Cornbill,acornbillqf@columbia.edu,Female,123.135.148.0
953,Johann,Timewell,jtimewellqg@netscape.com,Male,228.131.209.24
954,Tiffanie,Schade,tschadeqh@newsvine.com,Female,124.146.165.207
955,Benedetto,Broady,bbroadyqi@storify.com,Male,30.196.209.25
956,Richy,Cass,rcassqj@indiatimes.com,Male,234.1.73.228
957,Vale,Whatson,vwhatsonqk@creativecommons.org,Female,66.171.5.133
958,Mohandas,Exroll,mexrollql@squidoo.com,Male,118.27.249.2
959,Lucais,Culvey,lculveyqm@nsw.gov.au,Male,231.252.28.69
960,Derick,Wilkenson,dwilkensonqn@google.co.jp,Male,123.154.29.27
961,Arni,Donavan,adonavanqo@nydailynews.com,Male,58.33.101.94
962,Frasco,Shovell,fshovellqp@sciencedirect.com,Male,16.11.108.5
963,Bran,Pallent,bpallentqq@google.it,Male,141.187.121.204
964,Kelsy,Firby,kfirbyqr@tinypic.com,Female,78.239.26.130
965,Moise,Ballantine,mballantineqs@princeton.edu,Male,245.88.81.204
966,Janean,Lazar,jlazarqt@ebay.co.uk,Female,133.218.71.129
967,Mindy,Guinane,mguinanequ@instagram.com,Female,254.243.195.130
968,Catlin,Scud,cscudqv@ucsd.edu,Female,21.101.146.208
969,Colver,Prisley,cprisleyqw@privacy.gov.au,Male,229.250.75.128
970,Angie,Maben,amabenqx@eventbrite.com,Female,104.219.45.11
971,Winnie,Peggrem,wpeggremqy@shinystat.com,Male,171.22.115.152
972,Claudio,Luxton,cluxtonqz@nature.com,Male,178.161.211.44
973,Emalee,Naptin,enaptinr0@bravesites.com,Female,148.145.58.1
974,Skye,Arton,sartonr1@bigcartel.com,Male,213.14.83.142
975,Charmaine,Stiles,cstilesr2@wix.com,Female,233.82.107.219
976,Cleon,Prop,cpropr3@twitter.com,Male,144.86.110.170
977,Terrance,Whyborne,twhyborner4@ehow.com,Male,191.96.58.81
978,Jonell,O'Connel,joconnelr5@utexas.edu,Female,132.209.85.67
979,Lion,Smees,lsmeesr6@acquirethisname.com,Male,14.151.72.250
980,Helga,Stutt,hstuttr7@dailymotion.com,Female,238.168.88.121
981,Lynnell,Palser,lpalserr8@is.gd,Female,254.177.9.139
982,Otes,Northcote,onorthcoter9@youku.com,Male,125.56.231.6
983,Gaye,Adan,gadanra@vk.com,Female,208.190.189.247
984,Lowell,Drain,ldrainrb@cyberchimps.com,Male,234.116.190.238
985,Trina,Ealam,tealamrc@arizona.edu,Female,198.20.37.72
986,Andria,Pavis,apavisrd@latimes.com,Female,82.187.208.183
987,Nefen,Jills,njillsre@themeforest.net,Male,108.219.70.56
988,Honey,Cockshott,hcockshottrf@shinystat.com,Female,179.229.22.94
989,Shalom,Basilotta,sbasilottarg@parallels.com,Male,131.160.92.171
990,Gwenora,Ivanchov,givanchovrh@hexun.com,Female,228.41.246.169
991,Ranice,Bausor,rbausorri@ezinearticles.com,Female,29.255.184.2
992,Skip,Toulmin,stoulminrj@cloudflare.com,Male,174.90.94.109
993,Nickolaus,Curgenven,ncurgenvenrk@webs.com,Male,35.208.153.17
994,Amy,Deverille,adeverillerl@flickr.com,Female,141.164.64.190
995,Evvy,Goley,egoleyrm@cdc.gov,Female,31.121.117.103
996,Bancroft,Fipp,bfipprn@rakuten.co.jp,Male,139.250.58.54
997,Raf,Wakenshaw,rwakenshawro@imageshack.us,Female,187.27.120.6
998,Margaret,Broseman,mbrosemanrp@ebay.co.uk,Female,161.53.49.86
999,Fitzgerald,Mellody,fmellodyrq@feedburner.com,Male,229.142.30.141
1000,Zachery,Klaus,zklausrr@nbcnews.com,Male,47.29.101.44
